,filename,energy
0,bcc_Zr_128_rattled_0.in,0.05878555023812737
1,bcc_Zr_128_rattled_1.in,0.060566378559179235
